{
  "accuracy": 0.9591666460037231,
  "loss": 0.13511180877685547,
  "val_accuracy": 0.9835000038146973,
  "val_loss": 0.05522935092449188,
  "epoch": 0,
  "global_step": 1875
}