{
  "accuracy": 0.9806333184242249,
  "loss": 0.06910476088523865,
  "val_accuracy": 0.9854000210762024,
  "val_loss": 0.0451609306037426,
  "epoch": 1,
  "global_step": 3750
}